email,password,first_name,last_name,role
admin1@gmail.com,admin_pass,Rebecca,Ferrari,admin
admin2@gmail.com,admin_pass,Marco,Rossi,admin
luca.bianchi@gmail.com,luca123,Luca,Bianchi,logged_user
marco.neri@gmail.com,marco123,Marco,Neri,logged_user
simone.cialoni@gmail.com,simo.123,Simone,Cialoni,logged_user
simone.cialoni04@gmail.com,simo,Simone,Cialoni,logged_user
sofia.verdi@gmail.com,sofia123,Sofia,Verdi,logged_user
